Min Temperature, Max Temperature
110.03797235555064, 365.81547262515915
168.83700976624797, 502.5917142786473
242.80084627221007, 587.3726667096672
318.6145887045103, 649.3874821805219
391.25579178949215, 700.0684182944653
459.03690891911003, 744.0633414735051
521.5862853956571, 783.3828462176094
579.034461392355, 818.9921835720455
631.6892582329692, 851.4310377963707
679.9076191303865, 881.0576293885945
