Min Temperature,Max Temperature
110.03797235555068,365.81547262515915
168.83700976624797,502.5917142786473
242.8008462722101,587.3726667096672
318.61458870451025,649.3874821805218
391.2557917894921,700.0684182944653
459.0369089191099,744.0633414735053
521.5862853956572,783.3828462176095
579.0344613923551,818.9921835720455
631.6892582329695,851.4310377963706
679.9076191303864,881.0576293885946
