Min Temperature,Max Temperature
110.03797235555069,365.8154726251594
168.83700976624803,502.59171427864766
242.80084627221018,587.3726667096676
318.6145887045105,649.3874821805222
391.2557917894923,700.0684182944657
459.03690891911015,744.0633414735054
521.5862853956572,783.3828462176097
579.0344613923553,818.9921835720455
631.6892582329696,851.4310377963707
679.9076191303868,881.0576293885947
