Min Temperature,Max Temperature
95.15184899723258,374.6863331883817
147.6444190736829,505.96811127888975
220.1644557509878,586.9978492792008
296.7364383529755,647.2855822356536
370.9682724189324,697.333984463806
440.5601435998322,741.2191101272796
504.8912021091292,781.2095685593972
564.0015163225322,817.3915046240942
618.1738632500768,850.2373167651084
667.7655569117446,880.1676019293308
