Iteracja;X
0;-4.60304e-06,0.774718
1;-4.60304e-06,0.774718
